textid	target	model	tokenizer	predicted	prob	rap	rb	pop	misc	rock	country
0	rap	song_lyrics/full_lyrics_model_5	song_lyrics/full_lyrics_model_5	rap	0.9725590944290161	0.9725590944290161	0.015473037026822567	0.009393718093633652	0.0013410765677690506	0.0011794238816946745	5.363272794056684e-05
1	rock	song_lyrics/full_lyrics_model_5	song_lyrics/full_lyrics_model_5	rb	0.6131062507629395	0.26903998851776123	0.6131062507629395	0.10294594615697861	0.0078017376363277435	0.0060039060190320015	0.0011021426180377603
2	pop	song_lyrics/full_lyrics_model_5	song_lyrics/full_lyrics_model_5	rap	0.8616248369216919	0.8616248369216919	0.019612612202763557	0.08232425898313522	0.014655990526080132	0.021010221913456917	0.0007719817804172635
3	rb	song_lyrics/full_lyrics_model_5	song_lyrics/full_lyrics_model_5	rap	0.9570012092590332	0.9570012092590332	0.02222936414182186	0.011915583163499832	0.007338544819504023	0.0013866323279216886	0.00012878552661277354
4	misc	song_lyrics/full_lyrics_model_5	song_lyrics/full_lyrics_model_5	rap	0.5975916385650635	0.5975916385650635	0.013220686465501785	0.10189749300479889	0.2650527060031891	0.014176450669765472	0.008060941472649574
5	country	song_lyrics/full_lyrics_model_5	song_lyrics/full_lyrics_model_5	rap	0.9360365271568298	0.9360365271568298	0.005630200728774071	0.03001643344759941	0.01071914192289114	0.014468579553067684	0.003129155607894063
6	rap	song_lyrics/full_lyrics_model_5	song_lyrics/full_lyrics_model_5	pop	0.4516223073005676	0.24871253967285156	0.26859769225120544	0.4516223073005676	0.019795959815382957	0.00906157772988081	0.002209964208304882
7	rock	song_lyrics/full_lyrics_model_5	song_lyrics/full_lyrics_model_5	pop	0.6006997227668762	0.1090874969959259	0.24005722999572754	0.6006997227668762	0.012091642245650291	0.03394049406051636	0.0041234977543354034
8	pop	song_lyrics/full_lyrics_model_5	song_lyrics/full_lyrics_model_5	pop	0.5255934000015259	0.037210505455732346	0.16300566494464874	0.5255934000015259	0.021994104608893394	0.10359326750040054	0.14860308170318604
9	rb	song_lyrics/full_lyrics_model_5	song_lyrics/full_lyrics_model_5	rap	0.7113341689109802	0.7113341689109802	0.05050830915570259	0.19549743831157684	0.020339155569672585	0.019065968692302704	0.003254939801990986
10	misc	song_lyrics/full_lyrics_model_5	song_lyrics/full_lyrics_model_5	pop	0.6375980377197266	0.0450727678835392	0.22783437371253967	0.6375980377197266	0.034459929913282394	0.04518298804759979	0.009851979091763496
11	country	song_lyrics/full_lyrics_model_5	song_lyrics/full_lyrics_model_5	pop	0.5449872016906738	0.06201659142971039	0.35945090651512146	0.5449872016906738	0.0039728665724396706	0.024989761412143707	0.004582636058330536
12	rap	song_lyrics/full_lyrics_model_5	song_lyrics/full_lyrics_model_5	pop	0.7474789619445801	0.10530728846788406	0.1077151745557785	0.7474789619445801	0.012036101892590523	0.024880075827240944	0.002582480665296316
13	rock	song_lyrics/full_lyrics_model_5	song_lyrics/full_lyrics_model_5	rap	0.3592434525489807	0.3592434525489807	0.24241939187049866	0.3111497163772583	0.02977735362946987	0.05511011555790901	0.002299981191754341
14	pop	song_lyrics/full_lyrics_model_5	song_lyrics/full_lyrics_model_5	pop	0.6979236602783203	0.07939325273036957	0.06246600300073624	0.6979236602783203	0.030428847298026085	0.07501325011253357	0.05477502569556236
15	rb	song_lyrics/full_lyrics_model_5	song_lyrics/full_lyrics_model_5	rb	0.34003469347953796	0.3355545997619629	0.34003469347953796	0.2659420669078827	0.0218635443598032	0.033833738416433334	0.0027713330928236246
16	misc	song_lyrics/full_lyrics_model_5	song_lyrics/full_lyrics_model_5	pop	0.8403599858283997	0.0208389014005661	0.049480143934488297	0.8403599858283997	0.012022880837321281	0.0713198259472847	0.005978178232908249
17	country	song_lyrics/full_lyrics_model_5	song_lyrics/full_lyrics_model_5	rap	0.5064122676849365	0.5064122676849365	0.18596713244915009	0.238395094871521	0.023080505430698395	0.04199420288205147	0.004150629974901676
18	rap	song_lyrics/full_lyrics_model_5	song_lyrics/full_lyrics_model_5	pop	0.7730227708816528	0.046336956322193146	0.11747731268405914	0.7730227708816528	0.0029510310851037502	0.05176722630858421	0.008444651961326599
19	rock	song_lyrics/full_lyrics_model_5	song_lyrics/full_lyrics_model_5	pop	0.6231526136398315	0.14554597437381744	0.11397477239370346	0.6231526136398315	0.019473152235150337	0.08587265759706497	0.011980799958109856
20	pop	song_lyrics/full_lyrics_model_5	song_lyrics/full_lyrics_model_5	rap	0.9342389702796936	0.9342389702796936	0.016952117905020714	0.030495788902044296	0.01098275650292635	0.006093384698033333	0.0012370734475553036
21	rb	song_lyrics/full_lyrics_model_5	song_lyrics/full_lyrics_model_5	pop	0.4156396687030792	0.36792251467704773	0.1276678740978241	0.4156396687030792	0.04019991680979729	0.043672818690538406	0.004897208884358406
22	misc	song_lyrics/full_lyrics_model_5	song_lyrics/full_lyrics_model_5	pop	0.8915646076202393	0.0024901987053453922	0.017386220395565033	0.8915646076202393	0.0016668293392285705	0.06964347511529922	0.017248691990971565
23	country	song_lyrics/full_lyrics_model_5	song_lyrics/full_lyrics_model_5	rb	0.5724607706069946	0.17338190972805023	0.5724607706069946	0.22001467645168304	0.00926223024725914	0.02314283885061741	0.0017375090392306447
24	rap	song_lyrics/full_lyrics_model_5	song_lyrics/full_lyrics_model_5	rap	0.5521330833435059	0.5521330833435059	0.19117823243141174	0.19718214869499207	0.02693193219602108	0.031137485057115555	0.0014371017459779978
25	rock	song_lyrics/full_lyrics_model_5	song_lyrics/full_lyrics_model_5	misc	0.9945302605628967	0.0024078679271042347	2.3842096652515465e-06	0.002610754920169711	0.9945302605628967	0.00040300379623658955	4.577363870339468e-05
26	pop	song_lyrics/full_lyrics_model_5	song_lyrics/full_lyrics_model_5	pop	0.9090323448181152	0.0008677856530994177	0.001098012668080628	0.9090323448181152	0.00226162769831717	0.08468218892812729	0.0020580918062478304
27	rb	song_lyrics/full_lyrics_model_5	song_lyrics/full_lyrics_model_5	pop	0.7642442584037781	0.005648278631269932	0.001063571427948773	0.7642442584037781	0.009816823527216911	0.2178749293088913	0.0013521465007215738
28	misc	song_lyrics/full_lyrics_model_5	song_lyrics/full_lyrics_model_5	pop	0.5278624892234802	0.03668120503425598	0.05236128717660904	0.5278624892234802	0.04774092882871628	0.3212772607803345	0.014076837338507175
29	country	song_lyrics/full_lyrics_model_5	song_lyrics/full_lyrics_model_5	rock	0.7726127505302429	0.008486699312925339	0.006165934726595879	0.20069947838783264	0.008089129813015461	0.7726127505302429	0.0039460137486457825
30	rap	song_lyrics/full_lyrics_model_5	song_lyrics/full_lyrics_model_5	pop	0.8834887146949768	0.0013984370743855834	0.0006475533009506762	0.8834887146949768	0.013760639354586601	0.09945978969335556	0.0012448541820049286
31	rock	song_lyrics/full_lyrics_model_5	song_lyrics/full_lyrics_model_5	rock	0.873160719871521	0.003272185567766428	0.0013109372230246663	0.1188463494181633	0.0032199129927903414	0.873160719871521	0.00018994533456861973
32	pop	song_lyrics/full_lyrics_model_5	song_lyrics/full_lyrics_model_5	pop	0.5308500528335571	0.031017931178212166	0.13748519122600555	0.5308500528335571	0.07686546444892883	0.2066279947757721	0.01715332642197609
33	rb	song_lyrics/full_lyrics_model_5	song_lyrics/full_lyrics_model_5	rap	0.5009862184524536	0.5009862184524536	0.2305186539888382	0.19205062091350555	0.03845706582069397	0.032295193523168564	0.005692277103662491
34	misc	song_lyrics/full_lyrics_model_5	song_lyrics/full_lyrics_model_5	pop	0.7609869837760925	0.02461877278983593	0.12532377243041992	0.7609869837760925	0.028073610737919807	0.05773192644119263	0.0032648975029587746
35	country	song_lyrics/full_lyrics_model_5	song_lyrics/full_lyrics_model_5	pop	0.6293549537658691	0.03068133443593979	0.039350565522909164	0.6293549537658691	0.028165658935904503	0.17458659410476685	0.09786084294319153
36	rap	song_lyrics/full_lyrics_model_5	song_lyrics/full_lyrics_model_5	rb	0.7016564607620239	0.10634343326091766	0.7016564607620239	0.18566939234733582	0.003831686219200492	0.00204783258959651	0.0004512075101956725
37	rock	song_lyrics/full_lyrics_model_5	song_lyrics/full_lyrics_model_5	rap	0.634611189365387	0.634611189365387	0.054096389561891556	0.2258855104446411	0.008820601738989353	0.07463838160037994	0.0019478960894048214
38	pop	song_lyrics/full_lyrics_model_5	song_lyrics/full_lyrics_model_5	pop	0.9002074003219604	0.0017173277447000146	0.018412306904792786	0.9002074003219604	0.006183606572449207	0.026968160644173622	0.04651118442416191
39	rb	song_lyrics/full_lyrics_model_5	song_lyrics/full_lyrics_model_5	pop	0.617050290107727	0.03748832643032074	0.32418039441108704	0.617050290107727	0.008422212675213814	0.011689366772770882	0.0011693481355905533
40	misc	song_lyrics/full_lyrics_model_5	song_lyrics/full_lyrics_model_5	pop	0.6987912058830261	0.021850984543561935	0.07277871668338776	0.6987912058830261	0.023728733882308006	0.14886517822742462	0.03398515656590462
41	country	song_lyrics/full_lyrics_model_5	song_lyrics/full_lyrics_model_5	pop	0.48444658517837524	0.08454950898885727	0.09274988621473312	0.48444658517837524	0.012883405201137066	0.05055718868970871	0.27481338381767273
42	rap	song_lyrics/full_lyrics_model_5	song_lyrics/full_lyrics_model_5	rb	0.5270805954933167	0.194343701004982	0.5270805954933167	0.23912736773490906	0.02234208583831787	0.015335964038968086	0.0017703231424093246
43	rock	song_lyrics/full_lyrics_model_5	song_lyrics/full_lyrics_model_5	rap	0.5361427068710327	0.5361427068710327	0.2922026813030243	0.11957138031721115	0.03157428279519081	0.01861736550927162	0.0018915458349511027
44	pop	song_lyrics/full_lyrics_model_5	song_lyrics/full_lyrics_model_5	pop	0.715201735496521	0.05350177362561226	0.08833236992359161	0.715201735496521	0.028455592691898346	0.11282242834568024	0.0016861711628735065
45	rb	song_lyrics/full_lyrics_model_5	song_lyrics/full_lyrics_model_5	rb	0.4337592124938965	0.23206745088100433	0.4337592124938965	0.18364018201828003	0.12095627188682556	0.018722830340266228	0.01085403747856617
46	misc	song_lyrics/full_lyrics_model_5	song_lyrics/full_lyrics_model_5	pop	0.6723544001579285	0.050021857023239136	0.22653771936893463	0.6723544001579285	0.03057953342795372	0.01811409369111061	0.002392456168308854
47	country	song_lyrics/full_lyrics_model_5	song_lyrics/full_lyrics_model_5	pop	0.6451437473297119	0.049944642931222916	0.04341088980436325	0.6451437473297119	0.03933681920170784	0.20867305994033813	0.013490881770849228
48	rap	song_lyrics/full_lyrics_model_5	song_lyrics/full_lyrics_model_5	rap	0.8877977132797241	0.8877977132797241	0.029183771461248398	0.06240858882665634	0.007716703694313765	0.007481786422431469	0.0054114805534482
49	rock	song_lyrics/full_lyrics_model_5	song_lyrics/full_lyrics_model_5	pop	0.4949094355106354	0.006097084376960993	0.03191632032394409	0.4949094355106354	0.01030130498111248	0.38931962847709656	0.0674562081694603
50	pop	song_lyrics/full_lyrics_model_5	song_lyrics/full_lyrics_model_5	pop	0.6764699220657349	0.04488390311598778	0.21407568454742432	0.6764699220657349	0.01599244773387909	0.03102477267384529	0.017553282901644707
51	rb	song_lyrics/full_lyrics_model_5	song_lyrics/full_lyrics_model_5	rap	0.5236074924468994	0.5236074924468994	0.07383019477128983	0.38580724596977234	0.007486029528081417	0.00663714250549674	0.00263199326582253
52	misc	song_lyrics/full_lyrics_model_5	song_lyrics/full_lyrics_model_5	pop	0.5608634352684021	0.00936747994273901	0.03630058839917183	0.5608634352684021	0.004453201312571764	0.3806080222129822	0.00840731430798769
53	country	song_lyrics/full_lyrics_model_5	song_lyrics/full_lyrics_model_5	rap	0.4179612994194031	0.4179612994194031	0.020875979214906693	0.12917643785476685	0.018286779522895813	0.41096988320350647	0.0027296103071421385
54	rap	song_lyrics/full_lyrics_model_5	song_lyrics/full_lyrics_model_5	pop	0.37283360958099365	0.2609837055206299	0.33569878339767456	0.37283360958099365	0.012360581196844578	0.01663215644657612	0.0014912002952769399
55	rock	song_lyrics/full_lyrics_model_5	song_lyrics/full_lyrics_model_5	pop	0.6438238024711609	0.020856019109487534	0.0010689465561881661	0.6438238024711609	0.0050054555758833885	0.32796069979667664	0.001285127829760313
56	pop	song_lyrics/full_lyrics_model_5	song_lyrics/full_lyrics_model_5	pop	0.5236382484436035	0.10959950089454651	0.052897486835718155	0.5236382484436035	0.0422089509665966	0.25922805070877075	0.012427706271409988
57	rb	song_lyrics/full_lyrics_model_5	song_lyrics/full_lyrics_model_5	rap	0.43266433477401733	0.43266433477401733	0.06336067616939545	0.18266670405864716	0.0987389087677002	0.22078019380569458	0.0017891732277348638
58	misc	song_lyrics/full_lyrics_model_5	song_lyrics/full_lyrics_model_5	rap	0.36414915323257446	0.36414915323257446	0.16268789768218994	0.3575049638748169	0.0123507184907794	0.1019492968916893	0.0013580472441390157
59	country	song_lyrics/full_lyrics_model_5	song_lyrics/full_lyrics_model_5	pop	0.8890483379364014	0.006410927977412939	0.04839501529932022	0.8890483379364014	0.021121444180607796	0.031124552711844444	0.003899698844179511
60	rap	song_lyrics/full_lyrics_model_5	song_lyrics/full_lyrics_model_5	rap	0.8642130494117737	0.8642130494117737	0.07011095434427261	0.046056292951107025	0.008859622292220592	0.00969751924276352	0.0010626498842611909
61	rock	song_lyrics/full_lyrics_model_5	song_lyrics/full_lyrics_model_5	rap	0.8245884776115417	0.8245884776115417	0.07161720097064972	0.08904021978378296	0.0040213922038674355	0.009700413793325424	0.001032213680446148
62	pop	song_lyrics/full_lyrics_model_5	song_lyrics/full_lyrics_model_5	pop	0.4026086926460266	0.362877756357193	0.030196843668818474	0.4026086926460266	0.08287405222654343	0.11463195085525513	0.006810587365180254
63	rb	song_lyrics/full_lyrics_model_5	song_lyrics/full_lyrics_model_5	rap	0.7846320271492004	0.7846320271492004	0.09145225584506989	0.09687748551368713	0.00969206914305687	0.01605898328125477	0.001287241349928081
64	misc	song_lyrics/full_lyrics_model_5	song_lyrics/full_lyrics_model_5	pop	0.46418848633766174	0.2460765838623047	0.11538754403591156	0.46418848633766174	0.04884403198957443	0.11747916787862778	0.008024259470403194
65	country	song_lyrics/full_lyrics_model_5	song_lyrics/full_lyrics_model_5	rap	0.39702820777893066	0.39702820777893066	0.20973196625709534	0.26891785860061646	0.03541012853384018	0.08761871606111526	0.0012931127566844225
66	rap	song_lyrics/full_lyrics_model_5	song_lyrics/full_lyrics_model_5	pop	0.4342115819454193	0.1613849401473999	0.0806954875588417	0.4342115819454193	0.06550176441669464	0.2502959072589874	0.007910329848527908
67	rock	song_lyrics/full_lyrics_model_5	song_lyrics/full_lyrics_model_5	rap	0.508618950843811	0.508618950843811	0.18351386487483978	0.1917949914932251	0.08447834104299545	0.02446601167321205	0.007127748336642981
68	pop	song_lyrics/full_lyrics_model_5	song_lyrics/full_lyrics_model_5	rock	0.7198037505149841	0.006077851168811321	0.002466577338054776	0.26531389355659485	0.005534030497074127	0.7198037505149841	0.0008039252716116607
69	rb	song_lyrics/full_lyrics_model_5	song_lyrics/full_lyrics_model_5	pop	0.8866374492645264	0.009807975962758064	0.030957769602537155	0.8866374492645264	0.005204122979193926	0.06572917848825455	0.0016634969506412745
70	misc	song_lyrics/full_lyrics_model_5	song_lyrics/full_lyrics_model_5	rock	0.4888499081134796	0.08554434031248093	0.006577394902706146	0.3654024004936218	0.050886720418930054	0.4888499081134796	0.0027392669580876827
71	country	song_lyrics/full_lyrics_model_5	song_lyrics/full_lyrics_model_5	pop	0.8733885884284973	0.002577916020527482	0.01798771321773529	0.8733885884284973	0.008986757136881351	0.04729127138853073	0.04976780712604523
72	rap	song_lyrics/full_lyrics_model_5	song_lyrics/full_lyrics_model_5	pop	0.5410431623458862	0.10471203178167343	0.16663594543933868	0.5410431623458862	0.01864447630941868	0.16664059460163116	0.002323827939108014
73	rock	song_lyrics/full_lyrics_model_5	song_lyrics/full_lyrics_model_5	rap	0.49733349680900574	0.49733349680900574	0.31218865513801575	0.14099176228046417	0.026695162057876587	0.01909630186855793	0.003694570157676935
74	pop	song_lyrics/full_lyrics_model_5	song_lyrics/full_lyrics_model_5	pop	0.8214844465255737	0.0006029163487255573	0.0010948110138997436	0.8214844465255737	0.0025866166688501835	0.16318288445472717	0.01104832999408245
75	rb	song_lyrics/full_lyrics_model_5	song_lyrics/full_lyrics_model_5	pop	0.7288627028465271	0.023596646264195442	0.02923009917140007	0.7288627028465271	0.04184797778725624	0.17111487686634064	0.0053477054461836815
76	misc	song_lyrics/full_lyrics_model_5	song_lyrics/full_lyrics_model_5	pop	0.7914678454399109	0.05088720843195915	0.1340618133544922	0.7914678454399109	0.007516296114772558	0.012534623965620995	0.0035322788171470165
77	country	song_lyrics/full_lyrics_model_5	song_lyrics/full_lyrics_model_5	pop	0.7737537622451782	0.0034434304106980562	0.0047674356028437614	0.7737537622451782	0.004441412165760994	0.20283733308315277	0.010756591334939003
78	rap	song_lyrics/full_lyrics_model_5	song_lyrics/full_lyrics_model_5	pop	0.39392930269241333	0.17133384943008423	0.22262057662010193	0.39392930269241333	0.025736093521118164	0.13545775413513184	0.050922367721796036
79	rock	song_lyrics/full_lyrics_model_5	song_lyrics/full_lyrics_model_5	pop	0.5111619830131531	0.03935070335865021	0.020742163062095642	0.5111619830131531	0.023094482719898224	0.404647558927536	0.0010031467536464334
80	pop	song_lyrics/full_lyrics_model_5	song_lyrics/full_lyrics_model_5	pop	0.5160502791404724	0.1358586549758911	0.030249185860157013	0.5160502791404724	0.12977899610996246	0.18246817588806152	0.005594684276729822
81	rb	song_lyrics/full_lyrics_model_5	song_lyrics/full_lyrics_model_5	pop	0.35979294776916504	0.2860035002231598	0.14058354496955872	0.35979294776916504	0.047465115785598755	0.16310074925422668	0.003054233966395259
82	misc	song_lyrics/full_lyrics_model_5	song_lyrics/full_lyrics_model_5	rb	0.4554034471511841	0.20066337287425995	0.4554034471511841	0.29743483662605286	0.014271813444793224	0.0296658743172884	0.002560619730502367
83	country	song_lyrics/full_lyrics_model_5	song_lyrics/full_lyrics_model_5	rock	0.4907000660896301	0.03752215951681137	0.030043950304389	0.39953184127807617	0.020743364468216896	0.4907000660896301	0.021458657458424568
84	rap	song_lyrics/full_lyrics_model_5	song_lyrics/full_lyrics_model_5	rap	0.7587184906005859	0.7587184906005859	0.11650235950946808	0.07748676836490631	0.029727954417467117	0.01556659210473299	0.001997792162001133
85	rock	song_lyrics/full_lyrics_model_5	song_lyrics/full_lyrics_model_5	pop	0.5497334599494934	0.017706355080008507	0.010944363661110401	0.5497334599494934	0.02887580730021	0.3907928466796875	0.0019472079584375024
86	pop	song_lyrics/full_lyrics_model_5	song_lyrics/full_lyrics_model_5	rock	0.5234818458557129	0.008027137257158756	0.026305515319108963	0.4283389747142792	0.009236138314008713	0.5234818458557129	0.004610447678714991
87	rb	song_lyrics/full_lyrics_model_5	song_lyrics/full_lyrics_model_5	pop	0.8946549892425537	0.0011031037429347634	0.0018911435035988688	0.8946549892425537	0.0076842885464429855	0.09087512642145157	0.0037913082633167505
88	misc	song_lyrics/full_lyrics_model_5	song_lyrics/full_lyrics_model_5	pop	0.7277969121932983	0.058572929352521896	0.0826323851943016	0.7277969121932983	0.03106837160885334	0.08081404864788055	0.019115416333079338
89	country	song_lyrics/full_lyrics_model_5	song_lyrics/full_lyrics_model_5	pop	0.7060918211936951	0.021076735109090805	0.004992674104869366	0.7060918211936951	0.014349277131259441	0.2460545301437378	0.007434955332428217
90	rap	song_lyrics/full_lyrics_model_5	song_lyrics/full_lyrics_model_5	rap	0.3448047637939453	0.3448047637939453	0.06132816523313522	0.2616249918937683	0.04987432807683945	0.2766684293746948	0.005699368193745613
91	rock	song_lyrics/full_lyrics_model_5	song_lyrics/full_lyrics_model_5	pop	0.773298442363739	0.004061425570398569	0.0005061078118160367	0.773298442363739	0.10089924931526184	0.11875921487808228	0.0024755841586738825
92	pop	song_lyrics/full_lyrics_model_5	song_lyrics/full_lyrics_model_5	pop	0.6831019520759583	0.04687587171792984	0.2381780743598938	0.6831019520759583	0.010817568749189377	0.019489681348204613	0.001536896568723023
93	rb	song_lyrics/full_lyrics_model_5	song_lyrics/full_lyrics_model_5	pop	0.3618967831134796	0.2930772006511688	0.03608446195721626	0.3618967831134796	0.09198841452598572	0.2119748443365097	0.0049782865680754185
94	misc	song_lyrics/full_lyrics_model_5	song_lyrics/full_lyrics_model_5	rock	0.5661782026290894	0.05361253395676613	0.00478393817320466	0.32105427980422974	0.04940268397331238	0.5661782026290894	0.004968272056430578
95	country	song_lyrics/full_lyrics_model_5	song_lyrics/full_lyrics_model_5	rock	0.36148396134376526	0.33952146768569946	0.045063603669404984	0.20872841775417328	0.040313396602869034	0.36148396134376526	0.004889228846877813
96	rap	song_lyrics/full_lyrics_model_5	song_lyrics/full_lyrics_model_5	rap	0.800997257232666	0.800997257232666	0.06260605156421661	0.09093375504016876	0.02293444238603115	0.01931609772145748	0.0032123676501214504
97	rock	song_lyrics/full_lyrics_model_5	song_lyrics/full_lyrics_model_5	rock	0.8096877336502075	0.006072103977203369	0.004685240797698498	0.17250630259513855	0.004403282422572374	0.8096877336502075	0.0026453614700585604
98	pop	song_lyrics/full_lyrics_model_5	song_lyrics/full_lyrics_model_5	rap	0.2950649559497833	0.2950649559497833	0.2551075518131256	0.2679811418056488	0.10379178076982498	0.07176917791366577	0.006285289768129587
99	rb	song_lyrics/full_lyrics_model_5	song_lyrics/full_lyrics_model_5	rap	0.9502311944961548	0.9502311944961548	0.008939756080508232	0.031141232699155807	0.004745168145745993	0.0047320290468633175	0.0002105360326822847
100	misc	song_lyrics/full_lyrics_model_5	song_lyrics/full_lyrics_model_5	rap	0.763681173324585	0.763681173324585	0.021715974435210228	0.04780716076493263	0.07928644865751266	0.0845150277018547	0.0029941261745989323
101	country	song_lyrics/full_lyrics_model_5	song_lyrics/full_lyrics_model_5	rap	0.6543793082237244	0.6543793082237244	0.16033115983009338	0.17375005781650543	0.00841249618679285	0.0024586967192590237	0.0006682678358629346
102	rap	song_lyrics/full_lyrics_model_5	song_lyrics/full_lyrics_model_5	rap	0.3546016216278076	0.3546016216278076	0.22211557626724243	0.3493913412094116	0.008124640211462975	0.0638149157166481	0.001951876562088728
103	rock	song_lyrics/full_lyrics_model_5	song_lyrics/full_lyrics_model_5	rap	0.6252564191818237	0.6252564191818237	0.17639462649822235	0.15448696911334991	0.02287582866847515	0.019744500517845154	0.0012416788376867771
104	pop	song_lyrics/full_lyrics_model_5	song_lyrics/full_lyrics_model_5	rap	0.45108941197395325	0.45108941197395325	0.35912254452705383	0.14555656909942627	0.01530787255614996	0.026509469375014305	0.002414220944046974
105	rb	song_lyrics/full_lyrics_model_5	song_lyrics/full_lyrics_model_5	rock	0.489322304725647	0.02385203167796135	0.018200257793068886	0.44847583770751953	0.016609925776720047	0.489322304725647	0.003539656987413764
106	misc	song_lyrics/full_lyrics_model_5	song_lyrics/full_lyrics_model_5	rb	0.6530554294586182	0.10187040269374847	0.6530554294586182	0.23104095458984375	0.006777795031666756	0.006544383708387613	0.0007110974984243512
107	country	song_lyrics/full_lyrics_model_5	song_lyrics/full_lyrics_model_5	pop	0.5368165373802185	0.01589392125606537	0.049724433571100235	0.5368165373802185	0.01360922958701849	0.37695056200027466	0.007005280815064907
108	rap	song_lyrics/full_lyrics_model_5	song_lyrics/full_lyrics_model_5	pop	0.6513541340827942	0.09368707984685898	0.15147115290164948	0.6513541340827942	0.07063335180282593	0.02665805071592331	0.006196275353431702
109	rock	song_lyrics/full_lyrics_model_5	song_lyrics/full_lyrics_model_5	pop	0.8608937859535217	0.006988068576902151	0.003933605272322893	0.8608937859535217	0.005615909583866596	0.12028666585683823	0.0022818713914602995
110	pop	song_lyrics/full_lyrics_model_5	song_lyrics/full_lyrics_model_5	pop	0.8276121616363525	0.03460775315761566	0.06193891167640686	0.8276121616363525	0.013104798272252083	0.05905795469880104	0.0036784678231924772
111	rb	song_lyrics/full_lyrics_model_5	song_lyrics/full_lyrics_model_5	pop	0.5199284553527832	0.1344461888074875	0.27429327368736267	0.5199284553527832	0.017447462305426598	0.049503423273563385	0.004381159786134958
112	misc	song_lyrics/full_lyrics_model_5	song_lyrics/full_lyrics_model_5	rb	0.3651789426803589	0.3402906060218811	0.3651789426803589	0.2232256531715393	0.04445401206612587	0.024763984605669975	0.002086824970319867
113	country	song_lyrics/full_lyrics_model_5	song_lyrics/full_lyrics_model_5	misc	0.9674417972564697	0.008379211649298668	0.0001295522233704105	0.02099624089896679	0.9674417972564697	0.002736062044277787	0.0003170926938764751
114	rap	song_lyrics/full_lyrics_model_5	song_lyrics/full_lyrics_model_5	rock	0.497360497713089	0.04485487937927246	0.0300592090934515	0.3418586850166321	0.02250133641064167	0.497360497713089	0.06336537003517151
115	rock	song_lyrics/full_lyrics_model_5	song_lyrics/full_lyrics_model_5	pop	0.691199004650116	0.025630459189414978	0.007051113061606884	0.691199004650116	0.017330780625343323	0.25454410910606384	0.004244507290422916
116	pop	song_lyrics/full_lyrics_model_5	song_lyrics/full_lyrics_model_5	pop	0.6873436570167542	0.01249966025352478	0.0121765760704875	0.6873436570167542	0.02948133274912834	0.252358615398407	0.00614019762724638
117	rb	song_lyrics/full_lyrics_model_5	song_lyrics/full_lyrics_model_5	rap	0.37349003553390503	0.37349003553390503	0.2230720818042755	0.28630903363227844	0.07519218325614929	0.03520727530121803	0.006729363929480314
118	misc	song_lyrics/full_lyrics_model_5	song_lyrics/full_lyrics_model_5	pop	0.7104877233505249	0.13045892119407654	0.07858946919441223	0.7104877233505249	0.014707636088132858	0.06270023435354233	0.0030560216400772333
119	country	song_lyrics/full_lyrics_model_5	song_lyrics/full_lyrics_model_5	pop	0.8483971953392029	0.00662987632676959	0.001744042499922216	0.8483971953392029	0.005921033211052418	0.1368274837732315	0.0004804986820090562
120	rap	song_lyrics/full_lyrics_model_5	song_lyrics/full_lyrics_model_5	pop	0.4167592227458954	0.3914063572883606	0.16522963345050812	0.4167592227458954	0.0046695321798324585	0.020618874579668045	0.0013164039701223373
121	rock	song_lyrics/full_lyrics_model_5	song_lyrics/full_lyrics_model_5	pop	0.5644859075546265	0.09810066223144531	0.14418955147266388	0.5644859075546265	0.00504415575414896	0.18734154105186462	0.0008381844381801784
122	pop	song_lyrics/full_lyrics_model_5	song_lyrics/full_lyrics_model_5	pop	0.6922959089279175	0.049358949065208435	0.10713431984186172	0.6922959089279175	0.024165257811546326	0.12162332236766815	0.0054222773760557175
123	rb	song_lyrics/full_lyrics_model_5	song_lyrics/full_lyrics_model_5	rock	0.38435155153274536	0.07340825349092484	0.14831049740314484	0.35691601037979126	0.031977683305740356	0.38435155153274536	0.00503608537837863
124	misc	song_lyrics/full_lyrics_model_5	song_lyrics/full_lyrics_model_5	pop	0.5224510431289673	0.0032038716599345207	0.016409728676080704	0.5224510431289673	0.009727784432470798	0.4436935782432556	0.004514048807322979
125	country	song_lyrics/full_lyrics_model_5	song_lyrics/full_lyrics_model_5	rock	0.767611026763916	0.005173837766051292	0.0029916372150182724	0.21009144186973572	0.007973074913024902	0.767611026763916	0.0061589996330440044
126	rap	song_lyrics/full_lyrics_model_5	song_lyrics/full_lyrics_model_5	pop	0.5743013620376587	0.06803261488676071	0.18981154263019562	0.5743013620376587	0.030602652579545975	0.11509237438440323	0.022159462794661522
127	rock	song_lyrics/full_lyrics_model_5	song_lyrics/full_lyrics_model_5	pop	0.3884575366973877	0.17315725982189178	0.341398149728775	0.3884575366973877	0.016302838921546936	0.07513625174760818	0.005548044573515654
128	pop	song_lyrics/full_lyrics_model_5	song_lyrics/full_lyrics_model_5	pop	0.6342169046401978	0.029919276013970375	0.19370706379413605	0.6342169046401978	0.02043595351278782	0.11197679489850998	0.009743963368237019
129	rb	song_lyrics/full_lyrics_model_5	song_lyrics/full_lyrics_model_5	pop	0.6579124331474304	0.00957647617906332	0.13700197637081146	0.6579124331474304	0.007930951192975044	0.17499569058418274	0.01258247159421444
130	misc	song_lyrics/full_lyrics_model_5	song_lyrics/full_lyrics_model_5	pop	0.6228282451629639	0.024822404608130455	0.29971182346343994	0.6228282451629639	0.009439729154109955	0.037264708429574966	0.005933075677603483
131	country	song_lyrics/full_lyrics_model_5	song_lyrics/full_lyrics_model_5	rock	0.520189642906189	0.004398491699248552	0.007422890048474073	0.42486342787742615	0.01781337335705757	0.520189642906189	0.025312144309282303
132	rap	song_lyrics/full_lyrics_model_5	song_lyrics/full_lyrics_model_5	pop	0.8925870656967163	0.01070228312164545	0.0016300935531035066	0.8925870656967163	0.00742810545489192	0.08522979170084	0.0024227225221693516
133	rock	song_lyrics/full_lyrics_model_5	song_lyrics/full_lyrics_model_5	pop	0.5092458128929138	0.017113514244556427	0.04031198471784592	0.5092458128929138	0.007689519319683313	0.3670080602169037	0.05863107740879059
134	pop	song_lyrics/full_lyrics_model_5	song_lyrics/full_lyrics_model_5	pop	0.7382742762565613	0.0006104863132350147	0.0003730107855517417	0.7382742762565613	0.0016821108292788267	0.25882577896118164	0.0002342464867979288
135	rb	song_lyrics/full_lyrics_model_5	song_lyrics/full_lyrics_model_5	pop	0.4994613528251648	0.014997689053416252	0.02392527647316456	0.4994613528251648	0.006958558224141598	0.45232561230659485	0.0023314941208809614
136	misc	song_lyrics/full_lyrics_model_5	song_lyrics/full_lyrics_model_5	rap	0.655059278011322	0.655059278011322	0.09997313469648361	0.17729701101779938	0.00806143693625927	0.05713595822453499	0.002473154803737998
137	country	song_lyrics/full_lyrics_model_5	song_lyrics/full_lyrics_model_5	pop	0.8428491950035095	0.001181187224574387	0.005498277023434639	0.8428491950035095	0.003668565768748522	0.1289399266242981	0.017862850800156593
138	rap	song_lyrics/full_lyrics_model_5	song_lyrics/full_lyrics_model_5	rb	0.6031364798545837	0.0982181653380394	0.6031364798545837	0.24903953075408936	0.02564047835767269	0.01800965890288353	0.005955700762569904
139	rock	song_lyrics/full_lyrics_model_5	song_lyrics/full_lyrics_model_5	rap	0.7109307050704956	0.7109307050704956	0.13598281145095825	0.1332687884569168	0.008198590949177742	0.010858815163373947	0.0007603623671457171
140	pop	song_lyrics/full_lyrics_model_5	song_lyrics/full_lyrics_model_5	pop	0.790123462677002	0.02519003488123417	0.10761288553476334	0.790123462677002	0.008458415046334267	0.06542377173900604	0.003191418945789337
141	rb	song_lyrics/full_lyrics_model_5	song_lyrics/full_lyrics_model_5	rap	0.8207030296325684	0.8207030296325684	0.05251920595765114	0.08589410036802292	0.0027414646465331316	0.03754230588674545	0.0005999418790452182
142	misc	song_lyrics/full_lyrics_model_5	song_lyrics/full_lyrics_model_5	rap	0.6985527873039246	0.6985527873039246	0.1378859132528305	0.11937298625707626	0.007899390533566475	0.03432603180408478	0.0019628582522273064
143	country	song_lyrics/full_lyrics_model_5	song_lyrics/full_lyrics_model_5	pop	0.48978158831596375	0.005488100927323103	0.01660955138504505	0.48978158831596375	0.0048978510312736034	0.47614046931266785	0.007082437165081501
144	rap	song_lyrics/full_lyrics_model_5	song_lyrics/full_lyrics_model_5	rock	0.5548288226127625	0.0999007448554039	0.005942716263234615	0.2956019639968872	0.04097724333405495	0.5548288226127625	0.00274844141677022
145	rock	song_lyrics/full_lyrics_model_5	song_lyrics/full_lyrics_model_5	rock	0.7321175932884216	0.01915842853486538	0.015230614691972733	0.20159189403057098	0.01882125250995159	0.7321175932884216	0.013080275617539883
146	pop	song_lyrics/full_lyrics_model_5	song_lyrics/full_lyrics_model_5	rock	0.657562255859375	0.011479065753519535	0.01124336663633585	0.29868441820144653	0.0139071736484766	0.657562255859375	0.0071237897500395775
147	rb	song_lyrics/full_lyrics_model_5	song_lyrics/full_lyrics_model_5	rock	0.7443262338638306	0.0034485505893826485	0.006679027806967497	0.23881782591342926	0.0038769159000366926	0.7443262338638306	0.0028514487203210592
148	misc	song_lyrics/full_lyrics_model_5	song_lyrics/full_lyrics_model_5	pop	0.6472406387329102	0.03102327696979046	0.1289578080177307	0.6472406387329102	0.01208049152046442	0.15864454209804535	0.022053224965929985
149	country	song_lyrics/full_lyrics_model_5	song_lyrics/full_lyrics_model_5	pop	0.5849328637123108	0.0040818676352500916	0.013794708997011185	0.5849328637123108	0.010099713690578938	0.35604536533355713	0.031045518815517426
150	rap	song_lyrics/full_lyrics_model_5	song_lyrics/full_lyrics_model_5	rap	0.8916049599647522	0.8916049599647522	0.01700890064239502	0.04831390082836151	0.03072488121688366	0.010829867795109749	0.001517502823844552
151	rock	song_lyrics/full_lyrics_model_5	song_lyrics/full_lyrics_model_5	pop	0.4455505907535553	0.09516193717718124	0.09302082657814026	0.4455505907535553	0.012352267280220985	0.3381895124912262	0.01572488062083721
152	pop	song_lyrics/full_lyrics_model_5	song_lyrics/full_lyrics_model_5	pop	0.5290998816490173	0.09288939088582993	0.24649037420749664	0.5290998816490173	0.03453169763088226	0.08572815358638763	0.011260518804192543
153	rb	song_lyrics/full_lyrics_model_5	song_lyrics/full_lyrics_model_5	rap	0.48587191104888916	0.48587191104888916	0.3669086992740631	0.13334323465824127	0.00520523963496089	0.007876989431679249	0.0007939169881865382
154	misc	song_lyrics/full_lyrics_model_5	song_lyrics/full_lyrics_model_5	rock	0.3902577757835388	0.22831302881240845	0.049539174884557724	0.26631563901901245	0.06092826649546623	0.3902577757835388	0.004646118730306625
155	country	song_lyrics/full_lyrics_model_5	song_lyrics/full_lyrics_model_5	rb	0.4583593010902405	0.04524161294102669	0.4583593010902405	0.3089348375797272	0.013861926272511482	0.1548772007226944	0.018725045025348663
156	rap	song_lyrics/full_lyrics_model_5	song_lyrics/full_lyrics_model_5	rap	0.594063401222229	0.594063401222229	0.06700045615434647	0.26154348254203796	0.033538829535245895	0.03335846960544586	0.010495336726307869
157	rock	song_lyrics/full_lyrics_model_5	song_lyrics/full_lyrics_model_5	rock	0.474837064743042	0.014641350135207176	0.022391125559806824	0.46126073598861694	0.012391084805130959	0.474837064743042	0.014478752389550209
158	pop	song_lyrics/full_lyrics_model_5	song_lyrics/full_lyrics_model_5	rock	0.5242858529090881	0.03299717605113983	0.016035407781600952	0.38396331667900085	0.017268193885684013	0.5242858529090881	0.02545004151761532
159	rb	song_lyrics/full_lyrics_model_5	song_lyrics/full_lyrics_model_5	pop	0.622643768787384	0.008057402446866035	0.0630088821053505	0.622643768787384	0.016234464943408966	0.25961944460868835	0.03043600171804428
160	misc	song_lyrics/full_lyrics_model_5	song_lyrics/full_lyrics_model_5	rap	0.4121273458003998	0.4121273458003998	0.1513727456331253	0.23468630015850067	0.037566542625427246	0.16189336776733398	0.002353714080527425
161	country	song_lyrics/full_lyrics_model_5	song_lyrics/full_lyrics_model_5	pop	0.5158169865608215	0.013117795810103416	0.019843677058815956	0.5158169865608215	0.010127312503755093	0.31724876165390015	0.1238454207777977
162	rap	song_lyrics/full_lyrics_model_5	song_lyrics/full_lyrics_model_5	pop	0.3996596336364746	0.3575068712234497	0.06858602166175842	0.3996596336364746	0.0072588990442454815	0.16449691355228424	0.002491570543497801
163	rock	song_lyrics/full_lyrics_model_5	song_lyrics/full_lyrics_model_5	pop	0.5820077657699585	0.022468362003564835	0.04982591047883034	0.5820077657699585	0.020782001316547394	0.3153635859489441	0.00955246388912201
164	pop	song_lyrics/full_lyrics_model_5	song_lyrics/full_lyrics_model_5	pop	0.7578282952308655	0.002179522765800357	0.03589451313018799	0.7578282952308655	0.008368151262402534	0.12785154581069946	0.06787797063589096
165	rb	song_lyrics/full_lyrics_model_5	song_lyrics/full_lyrics_model_5	pop	0.5882351398468018	0.10237269848585129	0.08711975067853928	0.5882351398468018	0.010111678391695023	0.20861807465553284	0.0035426088143140078
166	misc	song_lyrics/full_lyrics_model_5	song_lyrics/full_lyrics_model_5	rap	0.6048087477684021	0.6048087477684021	0.1964973360300064	0.14148958027362823	0.032109182327985764	0.023049021139740944	0.00204617902636528
167	country	song_lyrics/full_lyrics_model_5	song_lyrics/full_lyrics_model_5	pop	0.5771480202674866	0.07734959572553635	0.3069279193878174	0.5771480202674866	0.015657592564821243	0.020460158586502075	0.00245665293186903
168	rap	song_lyrics/full_lyrics_model_5	song_lyrics/full_lyrics_model_5	rock	0.7443348169326782	0.004281564150005579	0.008777176961302757	0.2334901988506317	0.006334253586828709	0.7443348169326782	0.0027820421382784843
169	rock	song_lyrics/full_lyrics_model_5	song_lyrics/full_lyrics_model_5	pop	0.7918789386749268	0.017858542501926422	0.09763499349355698	0.7918789386749268	0.01716943085193634	0.071564219892025	0.003893860848620534
170	pop	song_lyrics/full_lyrics_model_5	song_lyrics/full_lyrics_model_5	rap	0.381757915019989	0.381757915019989	0.24554555118083954	0.3463011085987091	0.007464300375431776	0.01798444613814354	0.000946731714066118
171	rb	song_lyrics/full_lyrics_model_5	song_lyrics/full_lyrics_model_5	pop	0.5528620481491089	0.05381559953093529	0.11029404401779175	0.5528620481491089	0.015296446159482002	0.26579827070236206	0.0019335512770339847
172	misc	song_lyrics/full_lyrics_model_5	song_lyrics/full_lyrics_model_5	rb	0.712813675403595	0.014832441695034504	0.712813675403595	0.2506932020187378	0.0012251829029992223	0.018167681992053986	0.002267913892865181
173	country	song_lyrics/full_lyrics_model_5	song_lyrics/full_lyrics_model_5	pop	0.5274076461791992	0.0025796054396778345	0.013026310130953789	0.5274076461791992	0.008602967485785484	0.43641602993011475	0.011967462487518787
174	rap	song_lyrics/full_lyrics_model_5	song_lyrics/full_lyrics_model_5	pop	0.41630819439888	0.3154149651527405	0.04322852939367294	0.41630819439888	0.02042294852435589	0.20248010754585266	0.0021452538203448057
175	rock	song_lyrics/full_lyrics_model_5	song_lyrics/full_lyrics_model_5	rock	0.5367189049720764	0.040313970297575	0.01603652536869049	0.3270993232727051	0.07100872695446014	0.5367189049720764	0.008822452276945114
176	pop	song_lyrics/full_lyrics_model_5	song_lyrics/full_lyrics_model_5	rb	0.4351036250591278	0.14076006412506104	0.4351036250591278	0.3719251751899719	0.009481127373874187	0.03899526223540306	0.003734760219231248
177	rb	song_lyrics/full_lyrics_model_5	song_lyrics/full_lyrics_model_5	pop	0.5966827869415283	0.2461225688457489	0.0729944035410881	0.5966827869415283	0.02159479819238186	0.05815260484814644	0.004452867899090052
178	misc	song_lyrics/full_lyrics_model_5	song_lyrics/full_lyrics_model_5	rap	0.49518725275993347	0.49518725275993347	0.23641669750213623	0.2582278847694397	0.0041984450072050095	0.005524931475520134	0.00044476601760834455
179	country	song_lyrics/full_lyrics_model_5	song_lyrics/full_lyrics_model_5	pop	0.5837424397468567	0.01696748286485672	0.0353890135884285	0.5837424397468567	0.022543903440237045	0.3249818980693817	0.01637524925172329
180	rap	song_lyrics/full_lyrics_model_5	song_lyrics/full_lyrics_model_5	pop	0.540603518486023	0.12133950740098953	0.23995569348335266	0.540603518486023	0.032189469784498215	0.060913391411304474	0.004998447839170694
181	rock	song_lyrics/full_lyrics_model_5	song_lyrics/full_lyrics_model_5	rap	0.645048975944519	0.645048975944519	0.11333242058753967	0.1820201575756073	0.01560116931796074	0.04001675546169281	0.003980481997132301
182	pop	song_lyrics/full_lyrics_model_5	song_lyrics/full_lyrics_model_5	rock	0.46808022260665894	0.031717121601104736	0.03190068155527115	0.428178071975708	0.03448634594678879	0.46808022260665894	0.005637485999614
183	rb	song_lyrics/full_lyrics_model_5	song_lyrics/full_lyrics_model_5	pop	0.6845588684082031	0.006854832172393799	0.010752324014902115	0.6845588684082031	0.03414192423224449	0.25177645683288574	0.011915515176951885
184	misc	song_lyrics/full_lyrics_model_5	song_lyrics/full_lyrics_model_5	rap	0.5065158009529114	0.5065158009529114	0.10377573221921921	0.25959375500679016	0.018000934273004532	0.10819246619939804	0.003921239171177149
185	country	song_lyrics/full_lyrics_model_5	song_lyrics/full_lyrics_model_5	rock	0.735529363155365	0.0010727480985224247	0.0018909876234829426	0.2556063234806061	0.004063585307449102	0.735529363155365	0.0018371540354564786
186	rap	song_lyrics/full_lyrics_model_5	song_lyrics/full_lyrics_model_5	rap	0.8290061354637146	0.8290061354637146	0.05029730498790741	0.039589229971170425	0.06640487909317017	0.012465429492294788	0.0022370521910488605
187	rock	song_lyrics/full_lyrics_model_5	song_lyrics/full_lyrics_model_5	rap	0.3926861882209778	0.3926861882209778	0.2654692530632019	0.20359212160110474	0.08600001782178879	0.04334426671266556	0.008908189833164215
188	pop	song_lyrics/full_lyrics_model_5	song_lyrics/full_lyrics_model_5	rb	0.512634813785553	0.11238906532526016	0.512634813785553	0.2960532605648041	0.03162366524338722	0.040553923696279526	0.006745202001184225
189	rb	song_lyrics/full_lyrics_model_5	song_lyrics/full_lyrics_model_5	rb	0.4867579936981201	0.08992758393287659	0.4867579936981201	0.3904978632926941	0.007887519896030426	0.019846107810735703	0.0050828419625759125
190	misc	song_lyrics/full_lyrics_model_5	song_lyrics/full_lyrics_model_5	rap	0.6224130392074585	0.6224130392074585	0.24415525794029236	0.09900656342506409	0.01827935129404068	0.013668215833604336	0.002477548085153103
191	country	song_lyrics/full_lyrics_model_5	song_lyrics/full_lyrics_model_5	rap	0.5096017718315125	0.5096017718315125	0.2540562152862549	0.21063567698001862	0.009094268083572388	0.015331496484577656	0.0012805290753021836
192	rap	song_lyrics/full_lyrics_model_5	song_lyrics/full_lyrics_model_5	rap	0.42488688230514526	0.42488688230514526	0.2819688022136688	0.23644250631332397	0.01569496840238571	0.039461564272642136	0.001545290811918676
193	rock	song_lyrics/full_lyrics_model_5	song_lyrics/full_lyrics_model_5	rap	0.6867386102676392	0.6867386102676392	0.0652778148651123	0.15268070995807648	0.016092918813228607	0.07794111222028732	0.0012688898714259267
194	pop	song_lyrics/full_lyrics_model_5	song_lyrics/full_lyrics_model_5	pop	0.5540791153907776	0.08324800431728363	0.33908745646476746	0.5540791153907776	0.004184630233794451	0.017705664038658142	0.0016950637800619006
195	rb	song_lyrics/full_lyrics_model_5	song_lyrics/full_lyrics_model_5	pop	0.5114809274673462	0.07954368740320206	0.02546391636133194	0.5114809274673462	0.06982528418302536	0.31133800745010376	0.002348195528611541
196	misc	song_lyrics/full_lyrics_model_5	song_lyrics/full_lyrics_model_5	pop	0.7233326435089111	0.0249379500746727	0.2204664796590805	0.7233326435089111	0.01604064553976059	0.012175681069493294	0.0030466471798717976
197	country	song_lyrics/full_lyrics_model_5	song_lyrics/full_lyrics_model_5	pop	0.8520195484161377	0.03599642962217331	0.05229790508747101	0.8520195484161377	0.011823034845292568	0.04058976471424103	0.007273371797055006
